Megan Chang,Megan,M30467
Eric Williams,Eric,M60545
Michael Mendoza,Michael,M20840
Caitlin Galvan,Caitlin,M93118
Amber Cabrera,Amber,M42589
Nicholas Cochran,Nicholas,M56794
Michael Carrillo,Michael,M74526
Jacqueline Ford,Jacqueline,M18569
Sarah Shaw,Sarah,M22270
Joan Benson,Joan,M60053
Carl Rodgers,Carl,M59101
Crystal Morgan,Crystal,M97165
Gary Stafford,Gary,M82497
Melissa Nash,Melissa,M62711
Jorge Thompson,Jorge,M66232
Anne Williams,Anne,M15001
Gregory Kennedy,Gregory,M54218
Robert Smith,Robert,M21780
Amanda Blevins,Amanda,M78474
Jason Schmidt,Jason,M93481
Julie Parks,Julie,M98829
Mary Miller,Mary,M99685
Tamara Foster,Tamara,M31357
Jeffery Gill,Jeffery,M59564
Allen Lozano,Allen,M94408
Teresa Ramirez,Teresa,M52248
Amber Wright,Amber,M72688
Cory Burton,Cory,M55245
Bonnie Martinez,Bonnie,M43284
Michael Harris,Michael,M56781
Gavin Novak,Gavin,M69515
Daniel Forbes,Daniel,M38720
Stephanie Moreno,Stephanie,M57962
Jason Wood,Jason,M89066
Shelley Nelson,Shelley,M26426
Scott Hamilton,Scott,M42073
Sara Alvarez,Sara,M91179
Jessica Ramirez,Jessica,M22881
George Brown,George,M13371
Kevin Fitzpatrick,Kevin,M57730
Marissa Taylor,Marissa,M29002
Michael Howard,Michael,M11278
Andrew Burton,Andrew,M89616
Lucas Conner,Lucas,M60815
Katrina Roberson,Katrina,M69334
Mark Singleton,Mark,M51461
Darryl Flores,Darryl,M21856
Lisa Oconnor,Lisa,M28732
Susan May,Susan,M71923
Bailey Collins,Bailey,M56896
Anne Davis,Anne,M16488
Debra Schneider,Debra,M65113
David Newman,David,M19066
Jason Torres,Jason,M39809
Caitlin Guzman,Caitlin,M25496
Aaron Lucero,Aaron,M94530
James Mccarty,James,M38078
Kerry Perry,Kerry,M17722
Christina Morrison,Christina,M89550
Amanda Berger,Amanda,M52930
Aaron Murphy,Aaron,M44705
Sandra Johnson,Sandra,M79897
Jennifer Malone,Jennifer,M20711
Lauren Robinson,Lauren,M30221
Eric Huffman,Eric,M49066
Stephanie Collins,Stephanie,M24153
Jon Jones,Jon,M61290
Sarah Davis,Sarah,M63486
Sonia Evans,Sonia,M91273
Emily Hart,Emily,M31240
Lisa Torres,Lisa,M15162
Diane Santana,Diane,M74055
Mark Mckay,Mark,M50778
Tyler Sharp,Tyler,M51119
Maria Kennedy,Maria,M86662
Parker Ross,Parker,M43037
Margaret Hess,Margaret,M81741
James Williams,James,M22225
Donna Graham,Donna,M69111
Brian George,Brian,M10232
Richard Campos,Richard,M74633
Dean Parker,Dean,M82600
Jasmin Ware,Jasmin,M72179
Jill Meyer,Jill,M24476
Kenneth Richards,Kenneth,M90238
William Wilson,William,M83627
Kevin Chavez,Kevin,M27722
Maureen Nelson,Maureen,M47063
Charles Lamb,Charles,M42469
Dawn Gray,Dawn,M87694
Dustin Mitchell,Dustin,M96387
Brett Moyer,Brett,M66524
Nathan Brown,Nathan,M58400
Natalie Smith,Natalie,M50997
Evelyn Washington,Evelyn,M92926
Michael Vasquez,Michael,M94908
Angel Scott,Angel,M25057
Michael Lambert,Michael,M67663
Jacob Richards,Jacob,M87163
Melissa Bowers,Melissa,M42888
Laura Weaver,Laura,M67294
Jessica Palmer,Jessica,M63416
Justin James,Justin,M62682
Sara Warner,Sara,M64516
Kristen Wilson,Kristen,M41059
Nicole Ramirez,Nicole,M70851
Joshua Delgado,Joshua,M60772
Victor Morrison,Victor,M81945
Erica Robertson,Erica,M11942
Gabriel Sullivan,Gabriel,M93314
Melissa Ramirez,Melissa,M92373
Bryce Collins,Bryce,M94107
Jennifer Ramos,Jennifer,M57653
Laura Rose,Laura,M19372
Cynthia Bennett,Cynthia,M22248
Stacey Cain,Stacey,M87158
Kelly Jackson,Kelly,M51005
Jacob Wilkins,Jacob,M74659
Patrick Rosario,Patrick,M58391
Jamie Lopez,Jamie,M38770
Sean Evans,Sean,M25557
Bobby Harris,Bobby,M63951
Leslie Elliott,Leslie,M71327
Hannah Brown,Hannah,M90446
Melanie Good,Melanie,M17624
Audrey Kennedy,Audrey,M49495
Juan King,Juan,M90147
Stephanie Fleming,Stephanie,M95596
Paul Hall,Paul,M92829
Christopher Wilson,Christopher,M32867
David Robles,David,M84892
Eric Spencer,Eric,M57766
Michelle Mckinney,Michelle,M10892
Trevor Valdez,Trevor,M56630
Courtney Powell,Courtney,M24885
Lee Cooley,Lee,M68264
Toni Travis,Toni,M46495
Robin Owens,Robin,M61203
Logan Burke,Logan,M15302
Richard Figueroa,Richard,M16601
James Huynh,James,M99778
Anthony King,Anthony,M59598
Jocelyn Jackson,Jocelyn,M22092
Victoria Hamilton,Victoria,M31404
Mario Anderson,Mario,M86748
Ann Jones,Ann,M19171
Katie Ashley,Katie,M64697
Andrew Marshall,Andrew,M80073
Jennifer Leblanc,Jennifer,M19547
Angela Mills,Angela,M94390
Devin Mccoy,Devin,M57685
Robert Andrews,Robert,M22369
Joshua Herring,Joshua,M61819
Daniel Campbell,Daniel,M94062
Troy Williams,Troy,M95288
Alexander Riley,Alexander,M60206
Aaron Ross,Aaron,M92187
Jose Dean,Jose,M83547
Jeffery Bailey,Jeffery,M90208
Rick Bernard,Rick,M21835
Juan Hull,Juan,M29997
Rick Jensen,Rick,M55183
Emily Solomon,Emily,M37627
Christine Yates,Christine,M50977
Heidi Hutchinson,Heidi,M83824
Alexandra Carter,Alexandra,M88135
Sherry Hernandez,Sherry,M70021
Melissa Patterson,Melissa,M91755
Travis Hamilton,Travis,M40739
Robert Fernandez,Robert,M35633
Ryan Mitchell,Ryan,M42443
Jamie Morris,Jamie,M46198
Jessica Robinson,Jessica,M46143
Thomas Rogers,Thomas,M62334
Cody Clay,Cody,M91531
Lynn Campbell,Lynn,M37025
Tina Oneill,Tina,M42955
Kristina Anderson,Kristina,M64397
Michelle Kelley,Michelle,M14529
Jordan Rivera,Jordan,M53262
Aaron Andrews,Aaron,M49222
Jack Flores,Jack,M68704
Richard Pena,Richard,M43036
Andrew Lee,Andrew,M34060
Samuel Cook,Samuel,M98831
Victoria Leonard,Victoria,M48132
Cathy Kelly,Cathy,M99864
Alan Morales,Alan,M37846
Carla Padilla,Carla,M41470
Cody Lopez,Cody,M75222
David Jones,David,M32123
Donna Hernandez,Donna,M57083
Phillip Walsh,Phillip,M21819
Hayley Chaney,Hayley,M34914
Alex Parks,Alex,M60478
Joseph Hanna,Joseph,M23971
Brittany Coleman,Brittany,M69490
Briana Quinn,Briana,M78411
Tracey Stevens,Tracey,M25245
Gregory King,Gregory,M73348
Lee Bird,Lee,M19994
Amanda Brown,Amanda,M54204
Victoria Fox,Victoria,M65296
Regina Berg,Regina,M71567
Sherri Cruz,Sherri,M32638
Eduardo Mcdowell,Eduardo,M25259
Monique Aguilar,Monique,M38859
Wendy Adkins,Wendy,M64165
Carol Hunt,Carol,M89143
Victor Wolfe,Victor,M35624
Jacob Carr,Jacob,M80659
David Cohen,David,M97453
Barbara Robinson,Barbara,M75848
Darrell Maddox,Darrell,M70410
Kathleen Jefferson,Kathleen,M76698
Susan Glenn,Susan,M10248
Alexander Davis,Alexander,M25959
Patricia Ibarra,Patricia,M63092
Natalie Holmes,Natalie,M82979
Destiny Harmon,Destiny,M46523
Elizabeth Morris,Elizabeth,M82085
Meghan Green,Meghan,M60775
Alec Berry,Alec,M87230
Tina Watson,Tina,M25353
Leroy Jacobs,Leroy,M48169
Brian Sanchez,Brian,M91268
Howard Thomas,Howard,M93290
Tracy Williams,Tracy,M20179
Jessica Craig,Jessica,M83551
Shelly Evans,Shelly,M30866
Sarah Wells,Sarah,M95717
Brianna Sanchez,Brianna,M69107
Laura Johnson,Laura,M81302
Kenneth Wells,Kenneth,M86556
Jose Rodriguez,Jose,M12841
Jerry Schwartz,Jerry,M41495
Denise Williams,Denise,M39892
Danny Gross,Danny,M85725
Michael Brown,Michael,M27666
Christopher Miller,Christopher,M18190
Brandon Garrett,Brandon,M63645
Cassandra Marshall,Cassandra,M11522
Sarah Daniel,Sarah,M65580
Deanna Adams,Deanna,M17955
Elizabeth Edwards,Elizabeth,M81511
Cynthia Deleon,Cynthia,M93121
Christina Ruiz,Christina,M86839
Erin Newman,Erin,M96192
Anita Bennett,Anita,M25624
Patricia Fisher,Patricia,M60376
Latoya Castaneda,Latoya,M86963
Melissa Adams,Melissa,M24166
Tyrone Valencia,Tyrone,M65649
Thomas Ray,Thomas,M45351
Shannon Hall,Shannon,M63543
James Miller,James,M87313
Brad Juarez,Brad,M52737
Jeffrey Hughes,Jeffrey,M78928
Robert Thompson,Robert,M29254
Nicholas Osborne,Nicholas,M12151
Leslie Lowery,Leslie,M20166
Cristian Michael,Cristian,M54623
James Hernandez,James,M42129
Angela Gordon,Angela,M41573
Melissa Woods,Melissa,M25754
Jennifer Vasquez,Jennifer,M58764
Jessica Rose,Jessica,M89208
Brett Hess,Brett,M97069
Daniel Wang,Daniel,M80317
Angela Murphy,Angela,M87444
Eric Welch,Eric,M78668
Tina Mendoza,Tina,M71016
Katherine Watts,Katherine,M58196
Lucas Logan,Lucas,M75518
Julie Hopkins,Julie,M10999
Tamara Gray,Tamara,M51267
Karen Rodgers,Karen,M54647
Marissa Ramirez,Marissa,M40061
Tracy Johnson,Tracy,M57912
Deborah Clayton,Deborah,M79035
Walter Coleman,Walter,M83095
Michael Odonnell,Michael,M30032
Noah Castro,Noah,M98330
Jake Clark,Jake,M96196
Craig Buchanan,Craig,M42297
Derrick Scott,Derrick,M84638
Jacqueline Harper,Jacqueline,M30028
Michelle Miller,Michelle,M87284
Julia Pham,Julia,M11667
Denise Williams,Denise,M15209
Ann Hardin,Ann,M85446
Elizabeth Salazar,Elizabeth,M84824
Ashley Taylor,Ashley,M15420
Kevin Jones,Kevin,M66363
Michael Benson,Michael,M46378
Nicole Hall,Nicole,M60977
Randy Lindsey,Randy,M30494
Anthony Crawford,Anthony,M59824
Teresa Wallace,Teresa,M57332
Darlene Jones,Darlene,M93520
Douglas Church,Douglas,M15765
Zachary White,Zachary,M13631
Anthony Melton,Anthony,M59859
Sabrina Walker,Sabrina,M75680
Ricky Stevens,Ricky,M20967
Jonathan Burke,Jonathan,M40924
Kenneth Lynch,Kenneth,M68289
Jacqueline Conley,Jacqueline,M64828
Mark Jensen,Mark,M28168
Denise Peterson,Denise,M15438
Jessica Brown,Jessica,M35800
Paula Miller,Paula,M97319
Kristen Bishop,Kristen,M16184
Stephen Hoover,Stephen,M79097
Matthew Fields,Matthew,M98490
Jennifer Ortega,Jennifer,M15976
Jason Johnson,Jason,M52458
Jennifer Wallace,Jennifer,M17962
James Little,James,M27086
Wendy Davis,Wendy,M42282
Robert Harvey,Robert,M68183
Zachary Rodriguez,Zachary,M50616
Kiara Clay,Kiara,M77341
Daniel Clark,Daniel,M54468
Heather Myers,Heather,M55550
Heather Klein,Heather,M52518
Sarah Adams,Sarah,M61897
Elizabeth Chase,Elizabeth,M99339
Susan Long,Susan,M82426
Jack Wheeler,Jack,M28262
Courtney Reeves,Courtney,M55155
Alyssa Peters,Alyssa,M60352
Steven Carson,Steven,M51303
Ryan Roy,Ryan,M96331
Christina Wright,Christina,M83972
Tina Henry,Tina,M44709
Emily Peters,Emily,M43143
Alisha Velasquez,Alisha,M39617
Richard Thomas,Richard,M37198
Veronica Melendez,Veronica,M10179
Dana Smith,Dana,M74293
Barbara Schmidt,Barbara,M45632
Katelyn Cameron,Katelyn,M34720
Maria Sanchez,Maria,M38015
Tammy Wallace,Tammy,M48293
Tracey Douglas,Tracey,M89345
Jenna Washington,Jenna,M68066
Michelle Soto,Michelle,M23819
Melanie Brown,Melanie,M53307
Janice Walker,Janice,M26499
Blake Guerrero,Blake,M92927
Amy Chambers,Amy,M51620
Doris Stone,Doris,M54292
Larry Jones,Larry,M46774
Robert Davis,Robert,M82054
Michael Tate,Michael,M65053
Patty Campos,Patty,M70075
Denise Mcgee,Denise,M37797
Karen Larson,Karen,M93624
Brian Adams,Brian,M37775
Tanya Myers,Tanya,M21540
Devin Williams,Devin,M76495
Joseph Nicholson,Joseph,M83225
Susan Gilmore,Susan,M43285
Brad Flores,Brad,M53789
Christopher Reyes,Christopher,M63787
Mike Armstrong,Mike,M39076
Paul Ball,Paul,M42059
Kurt Vasquez,Kurt,M39853
Timothy Lam,Timothy,M38522
Roger Harper,Roger,M36626
Ashley Mack,Ashley,M51999
Erika Newton,Erika,M53895
Amber Brown,Amber,M48493
Victor Cameron,Victor,M10622
Jim Cochran,Jim,M94897
Monica Nunez,Monica,M42460
Brian Craig,Brian,M22356
Deborah Powell,Deborah,M97661
Randall Barnes,Randall,M73709
Mark Riley,Mark,M47703
Amanda Golden,Amanda,M73914
Nicole Meadows,Nicole,M41628
Veronica Torres,Veronica,M46544
Nancy Gordon,Nancy,M37450
Richard Colon,Richard,M89582
Jacqueline Mcdaniel,Jacqueline,M23807
Robert Morris,Robert,M15080
Carrie Hernandez,Carrie,M28655
Andrew Smith,Andrew,M59303
Elizabeth Ramos,Elizabeth,M17712
Linda Foster,Linda,M19579
Joseph Jones,Joseph,M23155
Tammy Wood,Tammy,M46367
Kent Strickland,Kent,M73944
Xavier Young,Xavier,M36811
Emily Walters,Emily,M14308
Caleb Ortega,Caleb,M35323
Amy Cardenas,Amy,M68134
Keith Andrews,Keith,M55502
Laura Robbins,Laura,M61760
Gary Blair,Gary,M56651
Laura Moreno,Laura,M84941
Aaron Copeland,Aaron,M70517
Amanda Thomas,Amanda,M58022
Danielle Duncan,Danielle,M95397
Scott Mcdaniel,Scott,M79881
Stephen Lee,Stephen,M38167
Ashley Thornton,Ashley,M86883
Natalie Michael,Natalie,M72704
Courtney Anderson,Courtney,M16207
James Kennedy,James,M54241
Elizabeth Frazier,Elizabeth,M95506
Andrew Gallegos,Andrew,M58225
Kyle Horn,Kyle,M36601
Lance Castillo,Lance,M66201
Heidi Johnson,Heidi,M77200
Jon Nelson,Jon,M15392
Mathew Morgan,Mathew,M53285
Stephanie Mitchell,Stephanie,M92336
Arthur Holloway,Arthur,M39741
Michael Martin,Michael,M70193
John Miller,John,M13355
Amber Duffy,Amber,M67535
Shawn Tate,Shawn,M67268
Steven Mcfarland,Steven,M56951
Brandon Lewis,Brandon,M62577
Calvin Caldwell,Calvin,M75898
Timothy Coleman,Timothy,M48453
Christian Gonzales,Christian,M11112
Tammy Robbins,Tammy,M68496
Tricia Stephens,Tricia,M81144
Thomas Howard,Thomas,M73356
Nathaniel Cole,Nathaniel,M57575
Michael Lawson,Michael,M77101
Matthew Hicks,Matthew,M71447
Angela Turner,Angela,M74809
Sandra Thompson,Sandra,M96357
Hailey Watson,Hailey,M45028
Jacob Cooper,Jacob,M83688
Alejandro Clark,Alejandro,M78229
Stacey Ward,Stacey,M61461
Jesse Young,Jesse,M37987
Ana Petty,Ana,M87682
Katherine Carpenter,Katherine,M15058
Adriana Burgess,Adriana,M54752
Joshua Perez,Joshua,M57961
Anna Hampton,Anna,M18407
Linda Sosa,Linda,M72246
Mary Howe,Mary,M57151
David Martinez,David,M72956
Krystal Sherman,Krystal,M99841
Cathy Dudley,Cathy,M64361
Robert Burns,Robert,M81611
Raymond Hood,Raymond,M71106
Jacob Bradshaw,Jacob,M81583
Jacob Perez,Jacob,M73174
Angela Sims,Angela,M34584
Paul Newman,Paul,M70965
Ashley Smith,Ashley,M96408
Charles Clark,Charles,M24966
Dennis Johnson,Dennis,M74862
Jesse Oliver,Jesse,M15680
Robert Berry,Robert,M53422
Derrick Lewis,Derrick,M87564
Alan Nelson,Alan,M30607
Melissa Kerr,Melissa,M25811
Nicole Wolf,Nicole,M67303
Carl Donovan,Carl,M93261
Heidi Woods,Heidi,M19761
Mark Anderson,Mark,M25279
Steven Castaneda,Steven,M91813
Robin Parks,Robin,M96693
Carrie Moore,Carrie,M86040
Philip Webster,Philip,M62823
Jonathan Soto,Jonathan,M96643
Ann Miller,Ann,M16296
Caitlin Prince,Caitlin,M95548
April Young,April,M57993
Michelle Wilson,Michelle,M47162
Philip Keller,Philip,M56952
Melissa Sullivan,Melissa,M61318
Tiffany Rodriguez,Tiffany,M20601
Joshua Lindsey,Joshua,M35834
Lauren Flores,Lauren,M73549
Stephen Booth,Stephen,M90503
Eric Lewis,Eric,M14345
Mindy Freeman,Mindy,M92804
Amy Montoya,Amy,M20419
Traci Mason,Traci,M89512
Mary Munoz,Mary,M47763
Phillip Pittman,Phillip,M26808
Alicia Vincent,Alicia,M48102
Robert Kirk,Robert,M75923
Michelle Carrillo,Michelle,M25759
Alexandria Mann,Alexandria,M72768
Jeff Castillo,Jeff,M72927
Jessica Martin,Jessica,M29296
Felicia Jones,Felicia,M57835
Jennifer Moore,Jennifer,M82871
