Antonio Rojas,Antonio,M76024
Patrick Cox,Patrick,M70108
Evelyn Burns,Evelyn,M17446
Michael Price,Michael,M32091
Michael Edwards,Michael,M48463
Cindy Brown,Cindy,M68263
Francis Davis,Francis,M73790
Roberto Leblanc,Roberto,M33307
Emily Barry,Emily,M74378
Colleen Sims,Colleen,M65249
Bonnie Arellano,Bonnie,M55873
Isabella Hood,Isabella,M30446
Yvonne Kemp,Yvonne,M60240
Juan Donaldson,Juan,M28572
Julie Shaw,Julie,M67562
Jonathan Rojas,Jonathan,M48709
Loretta Bradford,Loretta,M70649
Austin Freeman,Austin,M96732
Adriana Medina,Adriana,M53737
Eric Young,Eric,M78494
Rachel Walker,Rachel,M35319
Lisa Nichols,Lisa,M77727
Jessica Werner,Jessica,M56121
Frank Wells,Frank,M66969
Dustin Gordon,Dustin,M28028
Ashley Mccall,Ashley,M89490
Michael Webb,Michael,M30463
Michael Brown,Michael,M40008
Ashley Sims,Ashley,M17102
Nicholas Peck,Nicholas,M51319
Aaron Johnson,Aaron,M73429
Andrea Patel,Andrea,M60568
Connor Franco,Connor,M12517
Luis Bonilla,Luis,M79932
Veronica Conner,Veronica,M72498
Russell Wise,Russell,M95862
Hailey Carlson,Hailey,M32537
Sheryl Fisher,Sheryl,M81913
Katie Nielsen,Katie,M66508
Phillip Garcia,Phillip,M25058
Joshua Burns,Joshua,M18026
John Russell,John,M59010
Sarah Jones,Sarah,M77744
Steven Montgomery,Steven,M74722
John Mendez,John,M93231
Amber Clark,Amber,M67754
Robert Ramirez,Robert,M14552
Raymond Lester,Raymond,M61356
Charles Murray,Charles,M64477
Curtis Marsh,Curtis,M99602
Douglas Johnson,Douglas,M87929
Frances Thompson,Frances,M75867
Michael Jones,Michael,M60867
Christopher Gay,Christopher,M42035
Kathryn Taylor,Kathryn,M12235
Sandra Elliott,Sandra,M57437
Franklin Martin,Franklin,M34823
Kathleen Mitchell,Kathleen,M37784
Scott Velasquez,Scott,M69389
Nancy Mccormick,Nancy,M95911
Lori James,Lori,M82153
Cynthia Burns,Cynthia,M58614
Debra Ellis,Debra,M57831
Jesse Thomas,Jesse,M73798
Michael Dennis,Michael,M55985
Michael Caldwell,Michael,M44998
David Davis,David,M62786
Debra Kim,Debra,M88467
Lorraine Howard,Lorraine,M25801
David Freeman,David,M77920
Shannon Hernandez,Shannon,M29805
Andre Bell,Andre,M39770
Meghan Knapp,Meghan,M42367
Mario Carroll,Mario,M55543
Matthew Erickson,Matthew,M60850
Elizabeth Anderson,Elizabeth,M60693
Kathryn Anderson,Kathryn,M64746
Holly Torres,Holly,M86418
Bryan Phillips,Bryan,M81952
Carrie Barnes,Carrie,M90414
Christy Valdez,Christy,M32892
Robin Ellis,Robin,M62751
Jacob Morrow,Jacob,M49055
Theresa Moon,Theresa,M17233
David Rosario,David,M90114
Michelle Thomas,Michelle,M31003
Eric Willis,Eric,M34241
Karen Wilson,Karen,M60573
Sarah Rubio,Sarah,M56583
Travis Jones,Travis,M25712
Shelley Johnson,Shelley,M49510
Robin Jenkins,Robin,M20158
Robert Perez,Robert,M48178
Jonathan Doyle,Jonathan,M99494
Emily Aguilar,Emily,M57082
Joseph Gross,Joseph,M23734
Angie Kelly,Angie,M94973
Noah Cortez,Noah,M89225
Ashlee Dennis,Ashlee,M61120
Alyssa Bush,Alyssa,M28758
Amanda Davis,Amanda,M10104
Tamara Watts,Tamara,M20703
Julie Dickerson,Julie,M45519
Lauren Keller,Lauren,M22325
Christopher Mills,Christopher,M47521
Michael Williams,Michael,M21475
Phillip Gonzalez,Phillip,M71870
Michael Brown,Michael,M57132
Adam Lee,Adam,M97111
Alexis Graham,Alexis,M85234
Michelle Carter,Michelle,M76218
Samuel Day,Samuel,M34076
Kevin Gray,Kevin,M12970
Lisa Reilly,Lisa,M72303
Michael Compton,Michael,M92202
Donna Price,Donna,M67033
William French,William,M62084
Michael Cortez,Michael,M94216
Jessica Browning,Jessica,M12148
Melissa Gentry,Melissa,M36283
Henry Lee,Henry,M39435
Wendy Smith,Wendy,M73626
Jennifer Anderson,Jennifer,M86098
Cristian Barnes,Cristian,M48411
John Acevedo,John,M58375
Katie Cook,Katie,M85572
Stephanie Savage,Stephanie,M15558
Mark Nichols,Mark,M16191
Luis Lee,Luis,M93999
Janet Williams,Janet,M38131
Judy Sandoval,Judy,M85852
April Davis,April,M77254
Jessica Martin,Jessica,M69553
Brandon Lynch,Brandon,M29201
Michael Martin,Michael,M20619
Michael Sanchez,Michael,M13677
Chelsea Farrell,Chelsea,M23464
William Scott,William,M47185
Bruce White,Bruce,M24164
David Cunningham,David,M46238
Erica Summers,Erica,M61666
Kimberly Edwards,Kimberly,M65086
Rodney Washington,Rodney,M32379
Amy Elliott,Amy,M78022
Gregory Coleman,Gregory,M49853
Lori Smith,Lori,M35317
Yvonne Gutierrez,Yvonne,M81615
April Hendrix,April,M88268
Michael Salas,Michael,M48239
Jessica Warner,Jessica,M47979
Molly Jackson,Molly,M16463
Cody Johnston,Cody,M20512
Steven Greene,Steven,M37248
Natasha Curry,Natasha,M20214
Andrew Bush,Andrew,M70587
Jose Kennedy,Jose,M28116
Michael Green,Michael,M99074
Kristin Taylor,Kristin,M51161
Michelle Miller,Michelle,M52808
Luis Lucero,Luis,M48516
James Lucas,James,M34224
Karen Stewart,Karen,M87492
Sharon Watkins,Sharon,M55699
Matthew Luna,Matthew,M74225
Jennifer Carter,Jennifer,M42264
Mark Jones,Mark,M11560
Jamie Wilson,Jamie,M64413
Mary Morris,Mary,M97087
Megan Smith,Megan,M94262
Susan Parsons,Susan,M38043
Jessica Arnold,Jessica,M23246
Philip Galvan,Philip,M64453
Zachary Hodges,Zachary,M15275
Christopher Ellison,Christopher,M38491
Curtis Mcdaniel,Curtis,M89453
Michael Clarke,Michael,M19016
Kristina Joseph,Kristina,M75621
Stephanie Tucker,Stephanie,M78070
Scott Nixon,Scott,M22901
Sarah Arnold,Sarah,M79936
Rachel Harrison,Rachel,M33433
Catherine Flores,Catherine,M50527
Robin Powell,Robin,M20087
Rhonda Gutierrez,Rhonda,M70136
Aaron Huang,Aaron,M52395
Alexander Moore,Alexander,M34971
Nicholas Miller,Nicholas,M65702
James Walsh,James,M69153
Amanda Steele,Amanda,M73912
Hannah Burton,Hannah,M41932
Charles Wells,Charles,M35240
Tony Barry,Tony,M91635
Denise Cunningham,Denise,M12223
Debra Jefferson,Debra,M42318
Caleb Burnett,Caleb,M58473
Joshua Smith,Joshua,M83527
Eric Ibarra,Eric,M40298
Jennifer Jensen,Jennifer,M44991
Alyssa Randolph,Alyssa,M80899
Sarah Smith,Sarah,M21911
Ruben Taylor,Ruben,M22008
Jennifer Peterson,Jennifer,M52559
Brooke Conley,Brooke,M25221
Jacqueline Simon,Jacqueline,M12779
Richard Dillon,Richard,M19358
Jason Craig,Jason,M55784
Cynthia Jones,Cynthia,M78846
Robert Gonzalez,Robert,M86991
Jessica Gardner,Jessica,M14312
Jason Barber,Jason,M18572
Ryan Savage,Ryan,M10778
Rebekah Garcia,Rebekah,M50339
Derrick Black,Derrick,M26086
Patrick Mckinney,Patrick,M38795
Madison Williams,Madison,M60903
Amy Morris,Amy,M54286
Brittney Anderson,Brittney,M26986
Tyler Hines,Tyler,M64931
Jason Johnson,Jason,M95980
Charles Peck,Charles,M62409
Samuel Michael,Samuel,M87671
Taylor James,Taylor,M24742
Scott Arias,Scott,M23008
Tracey Scott,Tracey,M89025
Russell Simpson,Russell,M81929
Michael Pittman,Michael,M47613
Jeremy Hogan,Jeremy,M77754
Jenna Gill,Jenna,M55000
Noah Bradley,Noah,M57402
Charlotte Murray,Charlotte,M81789
Jennifer Davis,Jennifer,M27569
Crystal Ellis,Crystal,M22800
Stephanie Thompson,Stephanie,M44163
Robert Guerrero,Robert,M98457
Barbara Gonzalez,Barbara,M50545
Shannon Chambers,Shannon,M52454
Derrick Palmer,Derrick,M48818
John Parker,John,M38516
Angela Johnson,Angela,M28578
Lori Reed,Lori,M32865
Sharon Miller,Sharon,M38812
Robert Cherry,Robert,M66137
Dylan Saunders,Dylan,M20933
Jessica Bowman,Jessica,M51014
Raven Mcdaniel,Raven,M41703
Tracie Higgins,Tracie,M25645
Karen Ray,Karen,M34851
Robert Miller,Robert,M41549
Kayla Burton,Kayla,M83221
Michelle Jordan,Michelle,M89468
Tiffany Dickerson,Tiffany,M55701
Michael Harrison,Michael,M25710
Lori Alexander,Lori,M55346
Trevor Wilson,Trevor,M54158
Jason Brown,Jason,M90576
Cheryl Lynch,Cheryl,M79562
Shannon Hines,Shannon,M37270
Virginia Smith,Virginia,M28660
Benjamin Ingram,Benjamin,M14495
Laurie Harding,Laurie,M45764
Sheryl Fry,Sheryl,M15283
Christine Fowler,Christine,M81103
Tiffany Mcdowell,Tiffany,M37969
Melissa Deleon,Melissa,M39936
Hannah Bowen,Hannah,M17887
Daniel Hernandez,Daniel,M69315
Thomas Costa,Thomas,M10434
Adam Wilson,Adam,M44701
Mark Phillips,Mark,M73552
Elizabeth Smith,Elizabeth,M19139
Elijah Cobb,Elijah,M29419
Sarah Williams,Sarah,M96673
Mark Maldonado,Mark,M32476
Patrick Alexander,Patrick,M18195
Dawn Johnson,Dawn,M48856
Jacob Jones,Jacob,M27828
Melissa Weeks,Melissa,M78212
Chad Andrews,Chad,M41970
Kathryn Sims,Kathryn,M12268
Carlos Carpenter,Carlos,M96378
Kathleen Montgomery,Kathleen,M73545
Carrie Walsh,Carrie,M87932
Juan Douglas,Juan,M23974
Eileen Wong,Eileen,M85739
Jessica Thomas,Jessica,M83669
Tammy Newman,Tammy,M78436
Emily Pham,Emily,M29763
Dennis Schultz,Dennis,M60340
Evan Fernandez,Evan,M91358
Monique Wang,Monique,M45577
Nicholas Reynolds,Nicholas,M90152
Michael Ford,Michael,M15971
Ruben Bush,Ruben,M64467
Pam Mendoza,Pam,M29893
Cassandra Allen,Cassandra,M95449
Joseph Phillips,Joseph,M47841
Alexander Roberts,Alexander,M78771
Karen Woods,Karen,M18266
Martin Thomas,Martin,M42172
Leah Anderson,Leah,M66235
Brandon Schneider,Brandon,M67549
Randall Smith,Randall,M64700
Amanda Mann,Amanda,M28162
Denise Pitts,Denise,M79048
Jessica Mahoney,Jessica,M97451
Kenneth Miller,Kenneth,M24405
Robert Thompson,Robert,M73339
Kayla Mckinney,Kayla,M88216
Tammy Cross,Tammy,M33012
Melissa Miranda,Melissa,M74983
Richard Green,Richard,M16632
Rodney Stewart,Rodney,M98236
Morgan Ellis,Morgan,M38285
Nicholas Brown,Nicholas,M84487
Daniel Wilcox,Daniel,M68853
Emily Carpenter,Emily,M14397
Gabriel Ortiz,Gabriel,M74935
Christopher Smith,Christopher,M63346
Alexandria Cooper,Alexandria,M66172
Nancy Nolan,Nancy,M21242
Anna Knight,Anna,M39463
James Baker,James,M43007
Kimberly Freeman,Kimberly,M84715
Amy Frank,Amy,M39905
Susan Kelley,Susan,M56337
Robert Guerra,Robert,M47105
Sarah Gordon,Sarah,M20228
Jeffrey Green,Jeffrey,M33573
Katie Gonzales,Katie,M92753
Keith Bradley,Keith,M54265
Cynthia Lawson,Cynthia,M17087
Clayton Barnes,Clayton,M47424
Alexander Dunn,Alexander,M25582
Peter Russell,Peter,M73881
Amanda Thompson,Amanda,M88951
Ricardo Reed,Ricardo,M67063
Kyle Bean,Kyle,M58739
Angel Evans,Angel,M30284
Theresa Flores,Theresa,M19730
Angela Robinson,Angela,M74572
Jason Williams,Jason,M93707
Jacob Butler,Jacob,M62824
Lisa Sullivan,Lisa,M50914
Becky Fritz,Becky,M67695
Courtney Bryant,Courtney,M45484
Daniel Bell,Daniel,M39110
Jason Henson,Jason,M39921
Kyle Walker,Kyle,M82725
Darrell Reese,Darrell,M94806
Lisa Lee,Lisa,M15248
Hailey Chan,Hailey,M25550
Kevin Evans,Kevin,M20596
Clinton Burke,Clinton,M38869
John Spencer,John,M32257
Allen Nguyen,Allen,M84594
Adrian Marshall,Adrian,M66978
Adrian Hanson,Adrian,M78082
Jason Chambers,Jason,M24077
Andrea Harrison,Andrea,M17412
Natalie Henderson,Natalie,M88955
Cindy Burnett,Cindy,M25735
Derek Tyler,Derek,M55213
Daisy Davis,Daisy,M25107
Michelle Flynn,Michelle,M12843
Cassandra Jackson,Cassandra,M46076
Christopher Mcfarland,Christopher,M10783
Alyssa Johnson,Alyssa,M27054
Abigail Morrow,Abigail,M95353
Ryan Flores,Ryan,M20141
Lori Johnson,Lori,M20816
Clifford Thompson,Clifford,M26847
Angela Moore,Angela,M48890
Zachary Yang,Zachary,M92516
Nichole Johnson,Nichole,M96590
Lawrence Diaz,Lawrence,M75297
Kelly Jackson,Kelly,M89792
Nicole Watts,Nicole,M44233
Carolyn Pennington,Carolyn,M41949
Jeffrey Baker,Jeffrey,M74904
Alex Fowler,Alex,M97923
Troy Hale,Troy,M63698
Alexa Chang,Alexa,M17867
Megan Scott,Megan,M46361
Robert Sanders,Robert,M43991
David Rodriguez,David,M11150
Valerie Padilla,Valerie,M17490
Elizabeth Livingston,Elizabeth,M45580
Anthony Moore,Anthony,M57044
Melissa Reynolds,Melissa,M56503
Heather Martin,Heather,M13752
Jesse Curtis,Jesse,M54975
Ann Davis,Ann,M91389
Leslie Mcdonald,Leslie,M80542
William Robertson,William,M83575
Teresa Davis,Teresa,M58249
Mark Walsh,Mark,M57930
David Scott,David,M86467
William Velasquez,William,M11760
Christine Kaufman,Christine,M38749
Megan Smith,Megan,M81119
Sean Moreno,Sean,M22034
Brenda Thomas,Brenda,M25025
Chad Garcia,Chad,M49045
Chase Farrell,Chase,M87596
Nicole Spencer,Nicole,M45605
Tara Carter,Tara,M55633
Megan Kennedy,Megan,M96893
Travis Robles,Travis,M62518
Allison Green,Allison,M94577
Jeffrey Hicks,Jeffrey,M10263
Kenneth Cohen,Kenneth,M60449
Jennifer Edwards,Jennifer,M86372
Christina Smith,Christina,M78483
Drew Charles,Drew,M39826
Allen Heath,Allen,M25605
Danielle Fletcher,Danielle,M72394
Daniel Sims,Daniel,M73730
Cathy Yates,Cathy,M70596
Dominique Smith,Dominique,M71008
Thomas Holt,Thomas,M57691
Rita Brown,Rita,M91135
David Rush,David,M15851
Jill Coffey,Jill,M46462
William Neal,William,M18502
David Hart,David,M85763
Robin Guzman,Robin,M71050
Steven Moore,Steven,M26169
Ray Mckay,Ray,M98775
Joshua Nichols,Joshua,M24125
Mark David,Mark,M94707
Theodore Lopez,Theodore,M33763
Gregory Shelton,Gregory,M38170
Diana Jackson,Diana,M16435
Angela Garrett,Angela,M12055
Jesse Mathis,Jesse,M26898
Courtney Boyd,Courtney,M49566
Kristen Lee,Kristen,M88434
James Morris,James,M89572
Barbara Nguyen,Barbara,M27218
Daniel Wheeler,Daniel,M32679
Connie Duncan,Connie,M47412
Ryan King,Ryan,M60138
Leslie Meyer,Leslie,M55776
Stacy Campbell,Stacy,M88859
Michael Gay,Michael,M92168
Gerald Burns,Gerald,M30285
Sean Munoz,Sean,M54713
Maria Taylor,Maria,M40435
Jacob Weaver,Jacob,M53438
Jennifer Potter,Jennifer,M87457
Hannah Moore,Hannah,M69424
Louis Torres,Louis,M25827
Michael Burgess,Michael,M47010
Jesus Mccoy,Jesus,M90721
Timothy Rogers,Timothy,M23879
Christopher Cooke,Christopher,M72039
Victoria Villarreal,Victoria,M85507
Andrew Kim,Andrew,M23932
Joseph Flores,Joseph,M73820
David Fletcher,David,M40038
Maria Merritt,Maria,M97120
Katrina Leon,Katrina,M62705
Keith Fields,Keith,M14716
Lisa Gray,Lisa,M56727
Pamela Beasley,Pamela,M81873
Rodney Thompson,Rodney,M55521
Allen Waters,Allen,M37520
Carrie Preston,Carrie,M80486
Sara Ramos,Sara,M53946
Troy Johnson,Troy,M49196
Amber Roberts,Amber,M61803
Stephanie Baldwin,Stephanie,M50565
Jeremy Henderson,Jeremy,M49410
Connie Fernandez,Connie,M66683
Stephanie Johnson,Stephanie,M52896
Howard Howard,Howard,M27042
Kelsey Murphy,Kelsey,M27577
Jennifer Davis,Jennifer,M35509
Anna Vazquez,Anna,M75966
Tina Fernandez,Tina,M73185
James Parsons,James,M69691
Charles Garza,Charles,M70450
Shelly Murray,Shelly,M40073
Travis Smith,Travis,M28032
Lauren Williams,Lauren,M90465
Heather Cardenas,Heather,M11774
Dustin Ross,Dustin,M26044
Michael Perkins,Michael,M88759
Joseph Huerta,Joseph,M67965
Kyle Tate,Kyle,M75870
Carol Barnes,Carol,M77141
Tim Powell,Tim,M72182
Eric Gallagher,Eric,M26096
Zoe Robbins,Zoe,M87293
Dylan Fields,Dylan,M71274
Stephanie Little,Stephanie,M80732
Michael Bauer,Michael,M10889
Robert Day,Robert,M73585
Kara Ferguson,Kara,M39915
Kenneth Ramirez,Kenneth,M53382
